Committee Download as of 06/14/2026 01:00 AM,
Filing Entity Id,Committee Name,Abbreviated Committee Name,Committee Type,Election,Treasurer/Authorized Agent Name,Treasurer/Authorized Agent Public Address1,Treasurer/Authorized Agent Address2,Treasurer/Authorized Agent City,Treasurer/Authorized Agent State,Treasurer/Authorized Agent Zip Code,Chairperson/Principal Officer Name,Chairperson/Principal Officer Public Address1,Chairperson/Principal Officer Address2,Chairperson/Principal Officer City,Chairperson/Principal Officer State,Chairperson/Principal Officer Zip Code,Committee Mailing Address1,Committee Mailing Address2,Committee City,Committee State,Committee ZipCode,Committee Phone,Committee Email,Registration Submission Date,Registration Approval Date,Registration Dissolved Date,Candidate LastName,Candidate First Name,Candidate Middle Name,Candidate Suffix,Candidate DOB,Candidate Public Address1,Candidate Address2,Candidate City,Candidate State,Candidate Zip Code,Candidate Email,Candidate Public Phone,Entity Type,Entity Name,Notifying Of Disbursements Made,Notification Website,Jurisdiction,Office Sought,Party Affiliation,State The Committee IsLocated,Supporting Organization,Purpose Of The Committee,Purpose Description,Affiliated CommitteeName,Location,Ballot Issue,Official Ballot Name,Petition Sponsor,Position,Election Year,Website,Facebook,Instagram,X (Twitter),LinkedIn
1000012,"Guthrie, Dion F. Citizens to Elect",,Candidate Committee,"Gubernatorial - 11/04/2014,Baltimore City - 11/08/2011,Presidential - 11/06/2012,Gubernatorial - 11/06/2018,Gubernatorial - 11/08/2026","BACZYNSKYJ, TAMMY S.",230 Foster Knoll Drive,,Joppatown,MD,"=""21085""","Guthrie, Dianna M.",413 Shore Dr.,,Joppa Town,MD,"=""21085""",,,,,,,,06/29/1998,06/29/1998,,GUTHRIE,DION,FRANCIS,,07/31/1938,413 Shore Drive,,Joppa,MD,"=""21085""",dion.guthrie@ibew1501.com,(410) 679-9399,,,,,Harford,County Council,Democrat,,,,,,,,,,,,,,,,
1000076,"Rosapepe, Jim Friends Of",,Candidate Committee,"Gubernatorial - 11/04/2014,Gubernatorial - 11/04/2014,Gubernatorial - 11/06/2018,Gubernatorial - 11/08/2022,Gubernatorial - 11/08/2026","BROSCH, CAROLYN M.",13108 Yorktown Drive,,Bowie,MD,"=""20715""","KUSHNER, GAIL S.",3507 Wofford Court,,College Park,MD,"=""20740""",,,,,,,,01/09/1986,01/09/1986,,ROSAPEPE,JAMES,CAREW,,05/20/1951,8403 Patuxent Avenue,,College Park,MD,"=""20740""",jim.rosapepe@gmail.com,(301) 858-3141,,,,,Maryland State,State Senator,Democrat,,,,,,,,,,,,,,,,
1000450,"Washington, Mary M. Citizens For",,Candidate Committee,"Presidential - 10/24/2008,Gubernatorial - 10/27/2006,Presidential - 11/05/2024,Presidential - 11/08/2016,Presidential - 11/03/2020","WASHINGTON, EDDIE J.",23185  Barley Court,,Lexington Park,MD,"=""20653""","WASHINGTON, MARY M.",23185  Barley  Court,,Lexington Park,MD,"=""20653""",,,,,,,,11/29/1999,11/29/1999,,WASHINGTON,MARY,MOSES,,11/11/1952,23185  Barley  Court,,Lexington Park,MD,"=""20653""",marywash@md.metrocast.net,(301) 863-5166,,,,,St. Mary's,Board of Education,Other,,,,,,,,,,,,,,,,
1000561,"Kearney, Reginald Friends Of",,Candidate Committee,"Gubernatorial - 11/08/2026,Gubernatorial - 11/04/2014,Special - 01/11/2002,Gubernatorial - 11/06/2018,Gubernatorial - 11/06/2018,Gubernatorial - 11/08/2022",,,,,,,"KEARNEY, REGINALD I.",102 Discovery Court,,La Plata,MD,"=""20646""",,,,,,,,02/09/2000,02/09/2000,,KEARNEY,REGINALD,IVAN,,08/21/1957,102 Discovery Court,,La Plata,MD,"=""20646""",reggiekearney@aol.com,(301) 661-3989,,,,,Charles,Judge of the Orphans Court,Democrat,,,,,,,,,,,,,,,,
1000598,"Lee, Cereta A. Friends Of",,Candidate Committee,"Gubernatorial - 11/04/2014,Gubernatorial - 11/04/2014,Gubernatorial - 11/08/2022,Gubernatorial - 11/06/2018","SMITH, DARLENE F.",109 Chartsey Street,,Upper Marlboro,MD,"=""20774""","CHAPMAN, VENESEE L.",7518 Oak Post Court,,Upper Marlboro,MD,"=""20772""",,,,,,,,12/22/2000,12/22/2000,,LEE,CERETA,A,,12/19/1948,6107  Sir Mordred Court,,Glenn Dale,MD,"=""20769""",cereta.lee@verizon.net,3015754737,,,,,Prince George's,Register of Wills,Democrat,,,,,,,,,,,,,,,,
1000626,"Franchot, Peter Friends Of",,Candidate Committee,"Presidential - 11/06/2012,Gubernatorial - 11/04/2014,Gubernatorial - 11/04/2014,Gubernatorial - 11/06/2018,Gubernatorial - 11/08/2022","GENTILE, THOMAS A.",911 Silver Spring Avenue,Apt. 104,Silver Spring,MD,"=""20815""","JONES, KATHERINE M.",7100 Travelers Rest Circle,,Easton,MD,"=""21601""",,,,,,,,11/21/2012,11/21/2012,,Franchot,Peter,,,11/25/1947,7111  Sycamore Avenue,,Takoma Park,MD,"=""20912""",info@franchot.com,3013579505,,,,,Maryland State,Governor,Democrat,,,,,,,,,,,,,,,,
1000660,"Pipkin, E.J. Friends Of",,Candidate Committee,"Gubernatorial - 11/04/2014,Presidential - 11/06/2012","BEALL, WAYNE A.",401 Beachside Drive,,Stevensville,MD,"=""21666""","CHAMBERS, EARL L.",2501 Love Point Road,,Stevensville,MD,"=""21666""",,,,,,,,08/07/2001,08/07/2001,,PIPKIN,EDWARD,JOSEPH,,11/01/1956,6134 Trailwood Drive,,Plano,TX,"=""75024""",ej@voteejpipkin.com,4438762859,,,,,,,,,,,,,,,,,,,,,,,
1000674,"Madaleno, Richard Marylanders For",,Candidate Committee,"Gubernatorial - 10/27/2006,Gubernatorial - 11/04/2014,Gubernatorial - 11/06/2018","EISENSTADT, LINDA",11020 Burnley Terrace,,Silver Spring,MD,"=""20902""","HERNANDEZ, RICHARD A.",960 Fell St.,Apt. 410,Baltimore,MD,"=""21231""",,,,,,,,09/06/2001,09/06/2001,,MADALENO,RICHARD,STUART,,06/16/1965,11117 Dewey Road,,Kensington,MD,"=""20895-1315""",richmadaleno@gmail.com,3019335212,,,,,Maryland State,Governor,Democrat,,,,,,,,,,,,,,,,
