Contributions and Loan Download as of 07/06/2026 01:00 AM,
Filing Entity Id,Committee Name,Abbreviated Committee Name,Committee Type,Contributor Type,Contributor Company Name,Contributor Last Name,Contributor First Name,Contributor Middle Name,Contributor Mailing Address1,Contributor Mailing Address2,Contributor City,Contributor State,Contributor ZipCode,Contributor County Of Residence,Transaction Type,Transaction Date,Transaction Amount,Payment Type,Fund Type,Number Of People Purchasing Or Making Contributions,Price Per Person Or Average Contribution,Coordinated In-Kind,Public Funding Requested,Amount Eligible For Public Funding,Description,Report Name,Aggregate As Of Download Date
3007773,MSEA's Fund For Children And Public Education PAC,,PAC,Individual,,HEATH,JAN,M,1001 Spring Gate Rd,,Catonsville,MD,"=""21228""",,Contribution,11/20/2024,$3.60,Check,Electoral,,,False,,$0.00,,2025 Annual,3.60
1012725,"Feldmark, Jessica Friends of",,Candidate,Individual,,Feldmark,Joshua,,10324 Wilde Lake Terrace,,Columbia,MD,"=""21044""",Howard,Contribution,06/25/2024,$10.00,Credit Card,Electoral,,,False,,$0.00,,2025 Annual,35.53
8015370,International Brotherhood of Electrical Workers Political Action Committee,IBEW PAC,Out-of-State (Non-Federal),Business/Group/Organization,Friends of Jessica Feldmark,,,,10324 Wilde Lake Terrace,,Columbia,MD,"=""21044""",Howard,Contribution,05/16/2025,$3000.00,,Electoral,,,False,,$0.00,Check #50269 was written on 1/8/25 and was lost in the mail.,2025 Prince George's Special General Pre-General,3000.00
1012725,"Feldmark, Jessica Friends of",,Candidate,Individual,,Feldmark,Joshua,,10324 Wilde Lake Terrace,,Columbia,MD,"=""21044""",Howard,Contribution,06/25/2024,$10.53,Credit Card,Electoral,,,False,,$0.00,,2025 Annual,35.53
3007773,MSEA's Fund For Children And Public Education PAC,,PAC,Individual,,GRUNDY,JOSEPH,MICHAEL,10110 Seattle Slew Ln,Unit M,Laurel,MD,"=""20723""",Howard,Contribution,12/10/2024,$2.70,Check,Electoral,,,False,,$0.00,,2025 Annual,2.70
3007773,MSEA's Fund For Children And Public Education PAC,,PAC,Individual,,GRUNDY,JOSEPH,MICHAEL,10110 Seattle Slew Ln,Unit M,Laurel,MD,"=""20723""",Howard,Contribution,11/25/2024,$2.70,Check,Electoral,,,False,,$0.00,,2025 Annual,2.70
3007773,MSEA's Fund For Children And Public Education PAC,,PAC,Individual,,GRUNDY,JOSEPH,MICHAEL,10110 Seattle Slew Ln,Unit M,Laurel,MD,"=""20723""",Howard,Contribution,11/13/2024,$2.70,Check,Electoral,,,False,,$0.00,,2025 Annual,2.70
3008027,Greater Capital Area Political Action Committee,,PAC,Individual,,Maroshek,Agnes,M,10121 River Rd,,Potomac,MD,"=""20854""",Montgomery,Contribution,11/29/2024,$10.00,Credit Card,Electoral,,,False,,$0.00,,2025 Annual,10.00
